User,Tweet_Data
magicaljulesxo,@swiftiealways22 @MarvelStudios @Marvel @Avengers Yesss!! I get emotional every time I watch this movie! ğŸ˜­ğŸ¥ºâ¤ï¸
johnerickdgreat,"""I am Iron Man."" - Tony Stark (#IronMan)

It's been 3 years since the release of @Avengers: Endgame! 

#AvengersEndgame
#Funko
#FunkoPop
#FunkoPopPH
#FunkoPopCollection https://t.co/UdWtnGVdPv"
FunkoPortraits,"Happy 4th Birthday, @Avengers: Infinity War! https://t.co/WuEZHODZWQ"
kai_suva,RT @bettylynfj: Hi @chrishemsworth âš¡ï¸ hope a visit to Suva is part of your plans since youâ€™re in Fiji ğŸ¤ğŸ˜… you can beat your @Avengers and caâ€¦
ArshithBaske,"It's been 3 years where we had collectively lost our mind. This movie will be etched in hearts of every Marvel fan. Hail Marvel !
@Marvel @Avengers https://t.co/KTP1IxAClA"
dnjstjr2000,@Hyundai_NFT @TheRealStanLee @RobertDowneyJr @ladygaga @zoesaldana @SamuelLJackson @Disney @stephenfry @TheEllenShow @Avengers @2AMkwon #Hyundai_NFT #NFT
LeyenarOverkill,day 734:daily reminder that i love the avengers (@Avengers) 3000
jaybaeski,@yenlyfans @prophetofopium @rchivedryan @FBI @CIA @NATO @BBCNews @BritishArmy @metpoliceuk @MetPoliceEvents @Avengers @DCSuperman @SpiderMan @Hulk @thorofficial omg????
jorteguuh,@9GAG @MarvelStudios @Avengers HAHAHHSAHAHAHHAHAHAHA BUONG SINEHAN SIGAWAN
SainimiliN,RT @bettylynfj: Hi @chrishemsworth âš¡ï¸ hope a visit to Suva is part of your plans since youâ€™re in Fiji ğŸ¤ğŸ˜… you can beat your @Avengers and caâ€¦
Malle3Maelle,my editing on Wanda MaximoffğŸ¥°ğŸ¥° @Avengers @Marvel @MarvelStudios @DrStrange @wandavision @vElizabethOlsen https://t.co/GBIqhsSdkr
Muktesh_S,"@Hulk - That's my secret Captain, I'm always angry.

It's like car always moving with a hand-brake on.

@Avengers 
@PlayAvengers 
@MarkRuffalo 
@CaptainAmerica"
jokwa031,And Iâ€™m still crying ğŸ˜­ @ChrisEvans @Avengers ğŸ™ğŸ¼ğŸ˜­ğŸ’– https://t.co/DVbqYC2BB9
iHarishBhardwaj,"Would love to see BTS, extra cuts &amp; other trivia for #AvengersEndgame @Avengers @Marvel @MarvelStudios @Russo_Brothers @TheRealStanLee"
barney20214,RT @Avengers: Marvel Studios' Thor: Love and Thunder arrives only in theaters July 8. â¤ï¸ + âš¡ï¸ https://t.co/J67uQTXar8
worthy4yourlove,@Itsafairday #HappyBirthdayToYou (@Avengers) ğŸ‚ ğŸˆ ğŸ ğŸ‰ âœ¨ ğŸ™ https://t.co/ffpWVLKpTP
swiftiealways22,@magicaljulesxo @MarvelStudios @Marvel @Avengers Best movie!!!
houmanasefi,"I think someone listened!

@Avengers @MarvelStudios https://t.co/xTXv3K2bys"
dannyamy10,@Avengers @thorofficial Check out Thor Love And Thunder Marvel Studios Marvel Legends BAF Korg Set-NIB (In Hand) https://t.co/J2KQcbzFJ8 #eBay via @eBay #ThorLoveAndThunder #Thor #MarvelLegends #Marvel #MarvelStudios #MCU #MightyThor #KingValkyrie #RavagerThor #Gorr #Groot #StarLord #Korg #Hasbro
David18344777,"RT @storyteller_nft: Happy Sunday ya'll â¤ï¸ 
Sometime between Monday and Friday @minitellers going to launch! 
Get ready to fall in love witâ€¦"
m_topcoat,RT @Avengers: Here it is. â¤ï¸ + âš¡ï¸ https://t.co/eBaBKn62Du
m_topcoat,RT @Avengers: Marvel Studios' Thor: Love and Thunder arrives only in theaters July 8. â¤ï¸ + âš¡ï¸ https://t.co/J67uQTXar8
RaghavaJulaay,Next esedi ninne @Avengers https://t.co/WhgcZ30FuB https://t.co/7We3hLdYc2
mrsameer56,RT @Avengers: Marvel Studios' Thor: Love and Thunder arrives only in theaters July 8. â¤ï¸ + âš¡ï¸ https://t.co/J67uQTXar8
TamilSe97110366,ğŸ˜ˆThe Avengers man real heroğŸ‘‘DhanushğŸ”¥@Dhanush @Avengers @news7tamil @ZeeTamil @actorvijay @beemji @gvprakash https://t.co/mIyyeuRivm
sashaslegitkrew,RT @usatodaylife: We have an EXCLUSIVE @Avengers deleted scene from #Endgame that gives fans a heroic must-see moment â†’ https://t.co/Y0tiB9â€¦
AcainAlex,Could look a little better but a homemade breakfast sandwich for dinner couldnâ€™t be a much better way to fuel up for an @Avengers #InfinityWar and #Endgame movie night ! ğŸ–¤ğŸ³ğŸ¥ª https://t.co/N5iKtvty1W
lukatmhe,RT @Maxime4u: @LelangmoVlogger @Iam_Baneng @kalel_joaquin03 @DadiTsukie @alie_balayang @LuckyMe_0275 @ralfymannheim @bananabear0104 @lukatmâ€¦
bnababan,"@9GAG @MarvelStudios @Avengers It is the endgame. Thx marvel, now I'm done watching your heroes ğŸ«¡"
marichu0818,RT @Maxime4u: @LelangmoVlogger @Iam_Baneng @kalel_joaquin03 @DadiTsukie @alie_balayang @LuckyMe_0275 @ralfymannheim @bananabear0104 @lukatmâ€¦
xynocamp,RT @Avengers: Marvel Studios' Thor: Love and Thunder arrives only in theaters July 8. â¤ï¸ + âš¡ï¸ https://t.co/J67uQTXar8
SHENKO_2011,@MCHeisel @Avengers @MarvelStudios Que pedo... El CAPITÃN PLANETA y XENA la princesa guerrera ğŸ¤ªğŸ¤ªğŸ˜œ
yenlyfans,@Avengers @Hulk @SpiderMan @CaptainAmerica @hawkeyeofficial -&gt; @rchivedryan IS LOKI LOOK GET HIS ASS https://t.co/bmCLJg7mA7
SprySociopath,@MarvelStudios @MarvelStudios we have been embracing it ever since #Endgame came followed by other parallels @OscarIsaacFR @Kevfeige @Avengers @Marvel https://t.co/jzm3vgQLeL
YAM_LADYBUG,"HACE TRES AÃ‘OS LLORÃ‰ LLORÃ‰ Y LLORÃ‰ VIENDO LA PELÃCULA MÃS TRISTE DE LA HISTORIA, COMO PUDIERON MORIR DOS DE MIS SUPER HÃ‰ROES FAVORITOS DE FAVORITOS LA MEJOR HEROÃNA BLACK WIDOW Y MI PAPI IRONMAN. ğŸ˜­
NUNCA LO SUPERARE ğŸ’”

#AvengersEndgame
@RobertDowneyJr @Avengers https://t.co/Ai8xrq5tPq"
TheOutlawedMime,@ZermaineO @dudeinabasket @gtaman746 @NuneatonBlade86 @elitist_momo @PineappleSocksV @dulcetbunnie @sanchosmusicbox @Avengers @zermaine1 Whyâ€™s Gamora not feasting burgers?
ESquid098,"@MgfCustoms @Avengers Man I still remember coming back from school and watching your Minifigure showcase for Infinity War like it was yesterday, good times."
ZermaineO,@dudeinabasket @TheOutlawedMime @gtaman746 @NuneatonBlade86 @elitist_momo @PineappleSocksV @dulcetbunnie @sanchosmusicbox @Avengers I'll do a better One... Why Gamora's not following my Instagram? @zermaine1 ? https://t.co/m5loBhoTbL
dudeinabasket,@TheOutlawedMime @ZermaineO @gtaman746 @NuneatonBlade86 @elitist_momo @PineappleSocksV @dulcetbunnie @sanchosmusicbox @Avengers Whatâ€™s a gamora?
yenlyfans,@prophetofopium @rchivedryan @jaybaeski @FBI @CIA @NATO @BBCNews @BritishArmy @metpoliceuk @MetPoliceEvents @Avengers @DCSuperman @SpiderMan @Hulk @thorofficial yâ€™all too
Navunivuwai,RT @bettylynfj: Hi @chrishemsworth âš¡ï¸ hope a visit to Suva is part of your plans since youâ€™re in Fiji ğŸ¤ğŸ˜… you can beat your @Avengers and caâ€¦
buttergummy_,RT @bettylynfj: Hi @chrishemsworth âš¡ï¸ hope a visit to Suva is part of your plans since youâ€™re in Fiji ğŸ¤ğŸ˜… you can beat your @Avengers and caâ€¦
sighsigh__,RT @bettylynfj: Hi @chrishemsworth âš¡ï¸ hope a visit to Suva is part of your plans since youâ€™re in Fiji ğŸ¤ğŸ˜… you can beat your @Avengers and caâ€¦
bettylynfj,@kittyh_fj @chrishemsworth @Avengers @DrStrange @DamodarCinemas @TourismFiji https://t.co/SOM9SJxL0N
bettylynfj,@TaleiQ @chrishemsworth @Avengers @DrStrange @DamodarCinemas @TourismFiji https://t.co/f2AoA7Lqn5
jamiedore38,@MgfCustoms @Avengers At least it was 10 times better than Star Wars Episode VIII.
TaleiQ,RT @bettylynfj: Hi @chrishemsworth âš¡ï¸ hope a visit to Suva is part of your plans since youâ€™re in Fiji ğŸ¤ğŸ˜… you can beat your @Avengers and caâ€¦
TaleiQ,@bettylynfj @chrishemsworth @Avengers @DrStrange @DamodarCinemas @TourismFiji For our sake I hope @chrishemsworth replies #Bula
stevenransley1,@MCHeisel @Avengers @MarvelStudios Wow ğŸ˜ ğŸ¥°ğŸ’‹ğŸ˜˜ğŸ¤—ğŸ”¥ğŸ’
_ghostmayer,@darc_reign2 @SpiderMan @TomHolland1996 @TamashiiNations @TamashiiUk @MarvelStudios @Avengers Thank you very much!
kittyh_fj,@bettylynfj @chrishemsworth @Avengers @DrStrange @DamodarCinemas @TourismFiji ğŸ“ğŸ‘µ
romer74brokeep,"3 years ago we all pretended we were ok. We were not okay.
@Avengers 
#AvengersEndgame https://t.co/REDAYT6AyO"
APlaPi,"RT @Cakes_Comics: Happy 10th anniversary to the @Avengers 

The film was released 10 years ago today in the UK.

Itâ€™s also the film that kiâ€¦"
bettylynfj,@sparkydooodle @chrishemsworth @Avengers @DrStrange @DamodarCinemas @TourismFiji https://t.co/HSle0mwdiC
sparkydooodle,@bettylynfj @chrishemsworth @Avengers @DrStrange @DamodarCinemas @TourismFiji ğŸ¤£ğŸ¤£ğŸ¤£ğŸ¤£ğŸ¤£ğŸ¤£
kittyh_fj,RT @bettylynfj: Hi @chrishemsworth âš¡ï¸ hope a visit to Suva is part of your plans since youâ€™re in Fiji ğŸ¤ğŸ˜… you can beat your @Avengers and caâ€¦
bettylynfj,Hi @chrishemsworth âš¡ï¸ hope a visit to Suva is part of your plans since youâ€™re in Fiji ğŸ¤ğŸ˜… you can beat your @Avengers and catch @DrStrange first next week @DamodarCinemas! #TeamFiji #DoctorStrange @TourismFiji
darc_reign2,@_ghostmayer @SpiderMan @TomHolland1996 @TamashiiNations @TamashiiUk @MarvelStudios @Avengers Amazing pose and shot
Rocii_Ullua,"Y sÃ­ ğŸ˜‚ğŸ˜
La gorda friki ğŸ¤“ğŸ’•

El Vaso de #LosVengadores âœ¨

#Avengers 
@Avengers

SÃ³lo odio que me lo hayan puesto TAN chiquito a mi #DrStrange cuado es uno de los mÃ¡s importantes ğŸ˜­ğŸ’” ah https://t.co/NMrIQy35KP"
richyg84,"I canâ€™t believe #AvengersEndgame is three years old already!  Geez, I remember rushing to @metropolisatmet first showing in the AM to prevent spoilers. @MarvelStudios @Avengers https://t.co/LSRTNFN0nU"
joshuaxya,"@Naija_PR Iron Man in avengers 
@Avengers"
MLozada,4 years ago!?!? @Avengers was amazing at this event. https://t.co/4KZGBzrXr1
Jskerry20,@Elizabeth_Sings @Avengers Iâ€™m so relieved that Endgame came out in 2019 instead of 2020
Our_Today_News,"Visit the link: 

https://t.co/xNiqfLxRUX 

@Avengers @Marvel 

#OTEntertainment #AvengersEndgame #ThreeYearAnniversary #MarvelUniverse #CaptainAmerica #Thor #IronMan #BlackWidow #USA"
Elizabeth_Sings,@Jskerry20 I know! It's like it was yesterday! And I dont think it's  a coincidence we lost  @Avengers and then it wasn't even a year before the world went crazy right?! #theavengers#AvengersAssemble #AvengersInfinityWar #KORG #ThorLoveAndThunder #bucky #WandaVision  #wintersoldier
footballmonkey1,"RT @Cakes_Comics: Happy 10th anniversary to the @Avengers 

The film was released 10 years ago today in the UK.

Itâ€™s also the film that kiâ€¦"
podemospp1,RT @Avengers: Here it is. â¤ï¸ + âš¡ï¸ https://t.co/eBaBKn62Du
podemospp1,RT @Avengers: Marvel Studios' Thor: Love and Thunder arrives only in theaters July 8. â¤ï¸ + âš¡ï¸ https://t.co/J67uQTXar8
fandom_zest,"RT @Cakes_Comics: Happy 10th anniversary to the @Avengers 

The film was released 10 years ago today in the UK.

Itâ€™s also the film that kiâ€¦"
WayneH54503263,@storyteller_nft @minitellers @SnoopDogg @CozomoMedici @elonmusk @SpiderMan @Avengers @DCComics @MarvelStudios Now this is gonna be cool I could feel it
WayneH54503263,"RT @storyteller_nft: Happy Sunday ya'll â¤ï¸ 
Sometime between Monday and Friday @minitellers going to launch! 
Get ready to fall in love witâ€¦"
Fatoch51,@Deadpool @Guardians #ExtraordinaryXmen @Avengers art by @leinilyu ğŸ¤© https://t.co/lIJt4Gx4Ox
SumanRoy1209199,RT @Avengers: Here it is. â¤ï¸ + âš¡ï¸ https://t.co/eBaBKn62Du
SumanRoy1209199,RT @Avengers: Marvel Studios' Thor: Love and Thunder arrives only in theaters July 8. â¤ï¸ + âš¡ï¸ https://t.co/J67uQTXar8
Imrajesh017,Thor- love and thunderâš¡ @Avengers @Marvel_India @MarvelStudios https://t.co/jK5lFzr9XG
cass1808,@MCHeisel @Avengers @MarvelStudios #Felicitaciones se ve #Wow
ashleigh_RPG,"Happy three-year anniversary to the epic event that was @Avengers #Endgame 

The film released in theaters on this day (26 April) in 2019. https://t.co/hAqwku9O8n"
AlyssaMichele90,Had a blast watching â¦@Avengersâ© endgame â¦@DisneySpringsâ© three years ago yesterday! The theater went nuts the entire movie! https://t.co/GW8OcvSp41
AkashBadsiwal23,Didn't beleive that today is the 3rd anniversary of @Avengers #Endgame. Really time flies!
prime_kaustav,"á´…Ê€. êœ±á´›á´‡á´˜Êœá´‡É´ êœ±á´›Ê€á´€É´É¢á´‡..
á´›Êœá´‡ ÉªÊŸÊŸá´œá´ÉªÉ´á´€á´›Éª
á´¡ÉªÊŸÊŸ êœ±á´‡á´‡ Êá´á´œ É´á´á´¡...
ğŸ”® ğŸ”¥ ğŸŒŒ âœ¨ ğŸŒ€
@MarvelStudios @wandavision
@Avengers @disneyplus
#DOCTORSTRANGE
#MultiverseOfMadness https://t.co/RNZAqiruWv"
FatihatulNK,@ChrisEvans @getFANDOM Me too ğŸ˜ğŸ¤©ğŸ¥°ğŸ¥³. #AvengersEndgame is still my most favourite movie &amp; will be always my most favourite movie ğŸ¥° &amp; this moment was my one of the most favourite moment from the movie ğŸ’™ğŸ¿ğŸ¥ğŸ¬. @MarvelStudios @Avengers
matty_odonoghue,@GoSoundtracks @MarvelStudios @Challonge @Avengers @theblackpanther @Iron_Man @SpiderManMovie @CaptainAmerica @thorofficial @SilvestriMusic @ludwiggoransson Tough times - Black Panther vs Iron Man 3 that was the final right there
BaitoronG,RT @Maxime4u: @LelangmoVlogger @Iam_Baneng @kalel_joaquin03 @DadiTsukie @alie_balayang @LuckyMe_0275 @ralfymannheim @bananabear0104 @lukatmâ€¦
MicrosoftStore,@fazieshah124 @MarvelStudios @Avengers Forever a favorite!
SchumersN,Hey @SteveDeaceShow @DeaceOnline and @DeaceProducer . It's like all these people coming back to @twitter is the #Twitter version of @MarvelStudios #Blip from @Avengers #EndGame. #TwitterBlip #ItsHappening #TheRevolutionBegins
GoSoundtracks,"I love how in each of the 3 rounds, ""@Avengers: #Endgame"" has gone against a different one of the #Avengers movies. Will the massive blockbuster win this whole thing in the end?"
catherine1986K,@storyteller_nft @minitellers @SnoopDogg @CozomoMedici @elonmusk @SpiderMan @Avengers @DCComics @MarvelStudios 0x26b1D86E7775cAa894f581b3f7ebfE8344b480F9
catherine1986K,"RT @storyteller_nft: Happy Sunday ya'll â¤ï¸ 
Sometime between Monday and Friday @minitellers going to launch! 
Get ready to fall in love witâ€¦"
Kekke923,RT @Avengers: Marvel Studios' Thor: Love and Thunder arrives only in theaters July 8. â¤ï¸ + âš¡ï¸ https://t.co/J67uQTXar8
Diego88748286,RT @theblackpanther: Be a part of cinematic history. See Marvel Studios' @Avengers: #InfinityWar again. Get tickets: https://t.co/4vH4cuj2Zâ€¦
menotu1970,RT @Avengers: Marvel Studios' Thor: Love and Thunder arrives only in theaters July 8. â¤ï¸ + âš¡ï¸ https://t.co/J67uQTXar8
atomant65,"@megstocker @Avengers @thorofficial @CaptainAmerica @Iron_Man @captainmarvel @MarvelStudios @OriginalFunko ""I will shred this universe down to its last atom and then, with the stones you've collected for me, create a new one.""ğŸ˜"
MCHeisel,@horte1708 @Avengers @MarvelStudios ğŸ™ˆ gracias Hortensia! ğŸ¥°
MCHeisel,@_nikodesign @Avengers @MarvelStudios https://t.co/3RdCniUOMh
ArpanBaidya8,"Never gonna give you up
Never gonna let you down..
@MarvelStudios @Avengers https://t.co/XKfkpuWVgI"
_jatinjoshi45_,@_namanmathur_ @chrishemsworth @ChrisEvans @MarvelStudios @Marvel @Avengers ğŸ”¥
Maxime4u,"@LelangmoVlogger @Iam_Baneng @kalel_joaquin03 @DadiTsukie @alie_balayang @LuckyMe_0275 @ralfymannheim @bananabear0104 @lukatmhe @Ms_Trizzia_ @engot_isidro @up_kyla @reclaimer77 @xxxxxxbitchxxx @kahector4 @macky_palad @marichu0818 @WinwinEklabu @BeBiMo74 @Paps_Caloy @luminoustrix @rapplerdotcom @suzy899 @imkadorachi @unoemillio @musikerong @Avengers @Xtramhailes @Sultress2022 @TpMjane @jcpunongbrgy @YesYesYo13 @hermeshrv59 @MacLopez769 @AlfonsoCorpuz @BrontWynston @Simply_F618 @stfupbitchhh If ever mangyari ito , kawawa ang mga PINKLAWIN followers gagamitin sila para lang mapag bintangan si BBM , maraming inosente madadamay or mamamatay, https://t.co/K0yltIGfCH"
horte1708,@MCHeisel @Avengers @MarvelStudios Bella ğŸ’• como siempre!!
_nikodesign,@MCHeisel @Avengers @MarvelStudios Como no pensar que @MCHeisel Es divina y toda una superheroÃ­naÂ¡ğŸ˜
matiair,@9GAG @MarvelStudios @Avengers One of The greatest cinema experience in my life.. the audience reaction was ğŸ”¥
SpiralDragon101,"Itâ€™s been three years since @Avengers endgame came out 
and I still miss The Thanos mode in @FortniteGame https://t.co/vqBICiy2DQ"
MCHeisel,"My outfit that day.
BTW ğŸ˜Œ
â¦@Avengersâ© â¦@MarvelStudiosâ© #callme ğŸ“ğŸ˜‰ #VictoriaAlonso â˜ºï¸ https://t.co/ZlYuj6wKqI"
yrnnii,"RT @Avengers: Jump directly into the thrilling missions of Earthâ€™s Mightiest Heroes in 'All-Out Avengers', a new ongoing #MarvelComics seriâ€¦"
_namanmathur_,Best movie scene ever!!!!!! @_jatinjoshi45_ @chrishemsworth @ChrisEvans @MarvelStudios @Marvel @Avengers https://t.co/yVi5VNrmGE
ownerhendri,"@BaniBagong Gw tambahin Pak @BaniBagong , cc @CaptainAmerica, @captainmarvel, @Avengers mudah2an mereka lebih gercep....."
crisfilm85,"@adamhlavac @Hectorisfunny @El_Santotaco @MarvelStudios @Avengers Se que hablan espaÃ±ol y que tienen apellidos mexicanos, no se si sean completamemte mexicanos o mexicoamericanos, pero los sigo desde hace tiempo yson la tripleta mas agradable de contenido. Hago lo mismo enmi canal a  muy bajo nivel y espero algÃºn dÃ­a ser tan bueno como ustedes"
pxnkxj07,@allindiatweets_ @AllIndiaBakchod @WholesomeMeme @memecentral_teb @theengineerbroo @PubityOnInsta @Avengers @PlayAvengers #SpiderMan #ironman #CaptainAmerica #hulk #
TheNameIsKetan,@aravindgowda43 @Avengers @MarvelStudios It's already!
karfin,RT @Avengers: Here it is. â¤ï¸ + âš¡ï¸ https://t.co/eBaBKn62Du
joans3627,"@chris_online81 @sharebear817 @ChrisEvans @Marvel @MarvelStudios @Avengers Such an exciting moment! Always knew Steve was Worthy the whole time, but was humble and didnâ€™t want to be king or hurt Thor by showing he could lift the hammer !ğŸ‰ğŸ‰ğŸ’™â¤ï¸ğŸ¤ğŸ’™â¤ï¸ğŸ¤"
lunatalks_,"RT @BeckzJr7: @9GAG @MarvelStudios @Avengers YES ğŸ™Œ

#avengersendgame 
https://t.co/D1dsGxAUNx"
joans3627,RT @chris_online81: @chrisevans @marvel @marvelstudios @avengers https://t.co/rNRBDNru5m
INVESTORADESAM1,@moonwalkersoff @Doyex4 @beeodhun1 @FamiloyeKayode @HDNER @DONJAZZY @jpatten @UnclePamilerin @TAGHeuer @raijinbread @ejeuu @Avengers @sjcpapa @JRossTreacher @euoPires @ejeu @ueuwav @BigOsCrypt @Million_Davis @JAMPZER @TaioCruz @vince_uy @ReekadoBanks @Ssaasquatch @StepFinance
Verma4Arup,@Avengers @thorofficial ğŸ¥° https://t.co/FM3krq8dQz
alexa_blasko28,RT @chris_online81: @chrisevans @marvel @marvelstudios @avengers https://t.co/rNRBDNru5m
sharebear817,RT @chris_online81: @chrisevans @marvel @marvelstudios @avengers https://t.co/rNRBDNru5m
chris_online81,@chrisevans @marvel @marvelstudios @avengers https://t.co/rNRBDNru5m
MonkeWitStik,@Avengers @thorofficial Let gooooo
CapJamesCarter,"RT @Cakes_Comics: Happy 10th anniversary to the @Avengers 

The film was released 10 years ago today in the UK.

Itâ€™s also the film that kiâ€¦"
megstocker,@atomant65 @OriginalFunko @CaptainAmerica @Avengers @MarvelStudios I can do this all day! ğŸ˜ğŸ˜„
artbyalexrajala,@adamhlavac @Hectorisfunny @El_Santotaco @MarvelStudios @Avengers Adam is in Dad mode
JonParkGFX,@9GAG @MarvelStudios @Avengers @Nonchalant1212 ğŸ˜‚ğŸ˜‚ Vinny Mac oozing in Endgame.
atomant65,@megstocker @OriginalFunko @CaptainAmerica @Avengers @MarvelStudios Nice Pop double play!ğŸ˜
cherrvwinter,"RT @Cakes_Comics: Happy 10th anniversary to the @Avengers 

The film was released 10 years ago today in the UK.

Itâ€™s also the film that kiâ€¦"
cassandraK_duro,@9GAG @MarvelStudios @Avengers @AdrianMarabe
ConstantineLuc3,#AvengersEndgame @Avengers https://t.co/7t9JJz9zIo
MeOnly_at7,ğŸ”¥âœ¨ğŸ’“ It's Been 3 Years Since Cinematic Event Of A Lifetime Took Place. Still Gives The Same Goosebumps. It's Not Just A Movie But An Emotion. ğŸ˜˜ğŸ˜ğŸ”š #AvengersEndgame #Infinitysaga #MarvelCinematicUniverse #WhateverItTakes @Marvel @MarvelStudios @Avengers https://t.co/3NYEK6AfPf
PETERKEVIN23,"#AvengersEndgame #iornman #Avengers
#AvengersEndgame 3 years of avengers endgame
@RobertDowneyJr @ChrisEvans @yoshida_chris @chrishemsworth @Marvel @Avengers @PlayAvengers @theblackpanther @TheScarlett1 @brielarson @JeremyRenner @Russo_Brothers https://t.co/l14KDoHQMR"
Crypto_Sh0t,"@rawkskydance @anyaselalubenar @sekuyaofficial ğŸŒ Infinity MULTIVERSE War ğŸŒ

#InfinityWar
#SEKUYA #SKUY #SKUYARMY
#Metaverse #NFT #Binance #BSC #BSCGem #Multiverse
@sekuyaofficial
@Avengers https://t.co/cToCIagRV2"
Crypto_Sh0t,"@rawkskydance @ArnoldPoernomo @elonmusk @sekuyaofficial ğŸŒ Infinity MULTIVERSE War ğŸŒ

#InfinityWar
#SEKUYA #SKUY #SKUYARMY
#Metaverse #NFT #Binance #BSC #BSCGem #Multiverse
@sekuyaofficial
@Avengers https://t.co/oh6adSeGmw"
_DaniAl_____,"@adamhlavac @Hectorisfunny @El_Santotaco @MarvelStudios @Avengers New NFTs:
On the right:  the Inevitable happiness
On the left: Los tres caballeros"
OMI_VeVe_OG1,@marybraggxo @veve_official All #COMICS in #NFT off @Marvel and only the BIG HEROES. @SpiderMan @Avengers @Hulk @thorofficial @FantasticFour @Daredevil #werewolf #GhostRider @moonknight https://t.co/zW5Ih4RkgJ
adamhlavac,@Yamazuya @Hectorisfunny @El_Santotaco @MarvelStudios @Avengers Hahaha nice
Yamazuya,"@adamhlavac @Hectorisfunny @El_Santotaco @MarvelStudios @Avengers ""How many years?""
Thanos: https://t.co/xTOSNTVa9u"
OMI_VeVe_OG1,"@TheRealHinano people who say that have an IQ of a peaâ€¦â€¦ #COMICS from @marvel are the smart investment, you will laugh ğŸ˜‚ in about 12 months. First ever #NFT off a Comic and all heroes ğŸ”¥ğŸ”¥ğŸ”¥ğŸ”¥ğŸ”¥ğŸ”¥ğŸ”¥ @SpiderMan @Hulk @Avengers @FantasticFour @thorofficial @Daredevil https://t.co/4TMCNNNwPO"
abhijitabrita,How is it....though doesnt even look close to however thought of bringing him back on his third death anniversary...3000â¤â¤â¤ @Avengers @MarvelStudios @Marvel https://t.co/ifW3o6nIM6
Betoangeles12,RT @Avengers: Here it is. â¤ï¸ + âš¡ï¸ https://t.co/eBaBKn62Du
OlivierHamelin2,"@adamhlavac @Hectorisfunny @El_Santotaco @MarvelStudios @Avengers Exactly when I discovered you guys, been watching your reactions and reviews ever since. What an awesome back to back that was."
allelitebaby,@adamhlavac @Hectorisfunny @El_Santotaco @MarvelStudios @Avengers Time flies
Sxottlan,"@adamhlavac @Hectorisfunny @El_Santotaco @MarvelStudios @Avengers A different world. But still such strong, vivid memories."
megstocker,@KainRich @OriginalFunko @CaptainAmerica @Avengers @MarvelStudios Great collection!! ğŸŒŸğŸ’¯
KainRich,@megstocker @OriginalFunko @CaptainAmerica @Avengers @MarvelStudios Never looked it like that. Banging pops they are. Bit of a soft spot for the cap https://t.co/pvsamAXXD6
youki0307,"RT @youki0307: Come from JAPAN!!!!!!!!
I'm so pumped about AVENGERS ENDGAME LA premiere!!!!!!!!!!

@MarvelStudios @Avengers
#IronMan
#Avengâ€¦"
_erinmelizabeth,"RT @Cakes_Comics: Happy 10th anniversary to the @Avengers 

The film was released 10 years ago today in the UK.

Itâ€™s also the film that kiâ€¦"
WildLion2342,"3 Years Ago Today, We Witnessed The King Of @Marvel Make The Ultimate Sacrifice In Order To Save The World.
Happy 3rd Anniversary To @MarvelStudios' @Avengers: #Endgame.
One Of The Top 5 Greatest Superhero Films Of All Time.
@Disney. @DisneyStudios. 
This #GIF Says It All. https://t.co/yhbX696Nwh"
AvengerMrClint,@pikachu_coin_io @Avengers
Jota_EsVal,@twittendencia @Avengers 3 aÃ±os?
JackOxley352,"RT @Cakes_Comics: Happy 10th anniversary to the @Avengers 

The film was released 10 years ago today in the UK.

Itâ€™s also the film that kiâ€¦"
mtg_homebrew,@Avengers https://t.co/zVoUEBdA6o
OmNathYogi17,@Avengers why not saktiman and Krish helps avengers to save our planet. Pls replyğŸ˜˜ğŸ˜˜
tonadav,@9GAG @MarvelStudios @Avengers Solo faltÃ³ el portal de BelÃ©n.
HinduGone,@M_singh9 @Avengers Infinity War
CraydonNichols2,Itâ€™s been 10 years since the battle of New York the first @Avengers assemble movie getting released a lot has changed since then in the #mcu #TheAvengers #MarvelStudios https://t.co/XAXhHUUxx2
Jordz_333,@storyteller_nft @minitellers @SnoopDogg @CozomoMedici @elonmusk @SpiderMan @Avengers @DCComics @MarvelStudios 0xa11fDAb4593457C76811993E957A37e843Bbe020
Jordz_333,"RT @storyteller_nft: Happy Sunday ya'll â¤ï¸ 
Sometime between Monday and Friday @minitellers going to launch! 
Get ready to fall in love witâ€¦"
Youcantseeme178,"And not even host and fan fest in India even having such huge fan following in India .
Why ??
@Marvel_India @MarvelStudios @Marvel  @MarvelUnlimited @DrStrange  @Avengers @Russo_Brothers  @Kevfeige 
@RobertDowneyJr"
UniqueF_KajalA,"@wekafawa @Avengers @MarvelStudios Chala antey chala ğŸ˜Š. Aa moment euphoria ne malli ravadam kastame ğŸ˜¬ğŸ˜¬
Maa Vurilo First tym anukunta oka Hollywood movie shows full ayyeyi ğŸ˜­ğŸ˜­"
wekafawa,@UniqueF_KajalA @Avengers @MarvelStudios Motham Theatre Ela sustain chesindo aa moment ni... ğŸ¤¯
UniqueF_KajalA,@wekafawa @Avengers @MarvelStudios Destruction happened ğŸ˜‰ğŸ˜‰ğŸ”¥ https://t.co/ugXnsQoO40
UniqueF_KajalA,"RT @wekafawa: The way I'm imagining to live that moment afresh again... ğŸ¥¹â¤ï¸

Never before. Ever after. Ethereal Cinematic experience. ğŸ™ğŸ”¥
@Aâ€¦"
mf_sherlwatsz,RT @CelebCharityCin: @MarkRuffalo â­ ( @Hulk ) ğŸ’š signs a big #SHIELD for a #ChildrensHospital #Charity 21/4/15 * 7th anniversary ! ( ALSO siâ€¦
Katemperor1,@MarvelStudios @Avengers Because the soul stone had yet to appear in the MCU this just shows the mind stone twice
wekafawa,"The way I'm imagining to live that moment afresh again... ğŸ¥¹â¤ï¸

Never before. Ever after. Ethereal Cinematic experience. ğŸ™ğŸ”¥
@Avengers
@MarvelStudios

#3YearsOfAvengersEndgame #AvengersEndgame #Endgame #MarvelStudios https://t.co/S5sSOMob2x"
Jussarapatricia,Amanha vai fazer 10a de #Avengers 27/04/2012 @Marvel @MarvelBR @Avengers https://t.co/Qstf3zcKYP
realManuJmnz,"RT @Cakes_Comics: Happy 10th anniversary to the @Avengers 

The film was released 10 years ago today in the UK.

Itâ€™s also the film that kiâ€¦"
y2kSasha,"RT @Cakes_Comics: Happy 10th anniversary to the @Avengers 

The film was released 10 years ago today in the UK.

Itâ€™s also the film that kiâ€¦"
fisssssyuan,RT @Avengers: Action...#Avengers #InfinityWar. https://t.co/r2F9qkgjAg
amazingjr87,"RT @Cakes_Comics: Happy 10th anniversary to the @Avengers 

The film was released 10 years ago today in the UK.

Itâ€™s also the film that kiâ€¦"
qwladd_,@9GAG @MarvelStudios @Avengers kkk
TLandrein,"RT @BeckzJr7: @9GAG @MarvelStudios @Avengers YES ğŸ™Œ

#avengersendgame 
https://t.co/D1dsGxAUNx"
GDunlap618,"@FajaraJaay @Avengers It has been widely known that in this one, Jane Foster picks up the Thor mantle."
FunkoPortraits,"Happy 3rd Birthday, @Avengers: Endgame!

#AvengersEndgame https://t.co/6okvS7QlZa"
ISXWRLD,"RT @Avengers: Starting today, if you find yourself near #AvengersCampus in Disney California Adventure at Disneyland, youâ€™ll see a plaque hâ€¦"
saimoimoi,"RT @saimoimoi: #AvengeTheFans #avengersendgame
@MarvelStudios @Avengers @Russo_Brothers
THANK YOU SOOOOOO MUCH!!! LOVE MARVEL!!!!!!ğŸ˜­ğŸ’• httpsâ€¦"
rezzapahlevic,@9GAG @MarvelStudios @Avengers O https://t.co/cV7rZhX4pC
EstebanNavia5,RT @Avengers: Marvel Studios' Thor: Love and Thunder arrives only in theaters July 8. â¤ï¸ + âš¡ï¸ https://t.co/J67uQTXar8
Jang_Ge,"RT @Cakes_Comics: Happy 10th anniversary to the @Avengers 

The film was released 10 years ago today in the UK.

Itâ€™s also the film that kiâ€¦"
peter1978,@TengueDanny @camloves_MCU @Avengers @MarvelStudios she did.... i never said she wasnt fight too
nazu0091,RT @Avengers: Marvel Studios' Thor: Love and Thunder arrives only in theaters July 8. â¤ï¸ + âš¡ï¸ https://t.co/J67uQTXar8
omar_puente_,"RT @Cakes_Comics: Happy 10th anniversary to the @Avengers 

The film was released 10 years ago today in the UK.

Itâ€™s also the film that kiâ€¦"
culturenthrills,"RT @Cakes_Comics: Happy 10th anniversary to the @Avengers 

The film was released 10 years ago today in the UK.

Itâ€™s also the film that kiâ€¦"
WweFernandoR,happy anniversary @Avengers endgame https://t.co/K0epeMttXv
dEn1441ez,"RT @Cakes_Comics: Happy 10th anniversary to the @Avengers 

The film was released 10 years ago today in the UK.

Itâ€™s also the film that kiâ€¦"
Dmonster38,RT @jaaron_smith: @Avengers https://t.co/jrBqP6fgjX
Hakumaikyun,RT @Avengers: Enter a new dimension of Strange. Watch the official trailer for Marvel Studios' #DoctorStrange in the Multiverse of Madness.â€¦
Hakumaikyun,RT @Avengers: Here it is. â¤ï¸ + âš¡ï¸ https://t.co/eBaBKn62Du
novanmsd,"@9GAG @MarvelStudios @Avengers Abis nonton nya berantem, gara-gara aku negur jgn berisik sampe goyangin bangku. Aku nya ketawa santai, dia nya yg marahğŸ˜‚"
pedrom_85,"RT @Cakes_Comics: Happy 10th anniversary to the @Avengers 

The film was released 10 years ago today in the UK.

Itâ€™s also the film that kiâ€¦"
nadiahfatina,"RT @BeckzJr7: @9GAG @MarvelStudios @Avengers YES ğŸ™Œ

#avengersendgame 
https://t.co/D1dsGxAUNx"
paulineciuputri,"RT @BeckzJr7: @9GAG @MarvelStudios @Avengers YES ğŸ™Œ

#avengersendgame 
https://t.co/D1dsGxAUNx"
DropMagOfficial,"RT @Cakes_Comics: Happy 10th anniversary to the @Avengers 

The film was released 10 years ago today in the UK.

Itâ€™s also the film that kiâ€¦"
Xtra_Zer0,"RT @Cakes_Comics: Happy 10th anniversary to the @Avengers 

The film was released 10 years ago today in the UK.

Itâ€™s also the film that kiâ€¦"
MrJoshimusPrime,"RT @Cakes_Comics: Happy 10th anniversary to the @Avengers 

The film was released 10 years ago today in the UK.

Itâ€™s also the film that kiâ€¦"
MaudeLebowski29,"RT @Cakes_Comics: Happy 10th anniversary to the @Avengers 

The film was released 10 years ago today in the UK.

Itâ€™s also the film that kiâ€¦"
ckvrsls,"RT @Avengers: ""I love you 3000."" #AvengersEndgame https://t.co/AczK4ODmOd"
potteralda,"RT @Cakes_Comics: Happy 10th anniversary to the @Avengers 

The film was released 10 years ago today in the UK.

Itâ€™s also the film that kiâ€¦"
OnTheSuperFly,"@Cakes_Comics @Avengers Thatâ€™s cool man! 
Itâ€™s a genuinely great film so that must be really satisfying ğŸ‘ğŸ‘ğŸ‘"
AkhileshTekade,@BeckzJr7 @9GAG @MarvelStudios @Avengers Goosebumps and tears of joy
inchhident,@9GAG @MarvelStudios @Avengers Thanks for the spoiler
Cakes_Comics,@ThePoslanik @Avengers They saw my work and hired me. I was in the right place at the right time.
ThePoslanik,@Cakes_Comics @Avengers How did you manage to get the opportunity?
tarex02,"RT @Cakes_Comics: Happy 10th anniversary to the @Avengers 

The film was released 10 years ago today in the UK.

Itâ€™s also the film that kiâ€¦"
FranPan,"RT @Cakes_Comics: Happy 10th anniversary to the @Avengers 

The film was released 10 years ago today in the UK.

Itâ€™s also the film that kiâ€¦"
CuberToy,"@Cakes_Comics @Avengers At the time, I missed the case (and found it later) only for these art sleeves. Also the art who made me discover you existed. &lt;3"
Dafilla45,"RT @Cakes_Comics: Happy 10th anniversary to the @Avengers 

The film was released 10 years ago today in the UK.

Itâ€™s also the film that kiâ€¦"
Cakes_Comics,"Happy 10th anniversary to the @Avengers 

The film was released 10 years ago today in the UK.

Itâ€™s also the film that kick started my careerâ€¦ https://t.co/7kqTds71wE"
Rnyadav87289121,RT @Avengers: Here it is. â¤ï¸ + âš¡ï¸ https://t.co/eBaBKn62Du
Anas_Emad_13,@texerino @Avengers @WilburSoft @OfficialAproto
holdnostake,@9GAG @MarvelStudios @Avengers https://t.co/zkmRL7Jdaj
BeckzJr7,"@9GAG @MarvelStudios @Avengers YES ğŸ™Œ

#avengersendgame 
https://t.co/D1dsGxAUNx"
binatangapa,@9GAG @MarvelStudios @Avengers Avengers!
ducky_ducky2001,@9GAG @MarvelStudios @Avengers No way I though it was last year holy shot nooooo
P_Pedrosa14,@WGK_90 @camloves_MCU @Avengers @MarvelStudios ğŸ˜µğŸ˜µğŸ˜µ christ
IGashabizi,"@TomNdahiro @PaulHRRF @rusesabagina @TerryGeorge @tomzoellner @DonCheadle @mongi_writes @gatjmv @ali_naka @cobbo3 @AndrewMwenda Nukuvugango rero @rusesabagina ni Intwali yomuri Film 
Ninayo mpamvu babakinnyi ba film bomuri @Avengers  #hollywood  bamushyigikiraga 
Naho mubuzima busanzwe ni Intagorwa ."
magician_ney10,@persenotphoney @azunyacius a ki bole re even Queen Elizabeth is easier to pls...satisfied with just the @Avengers theme song that also on her birthday
SRM_Collections,"RT @sivastark2: 3years for #AvengersEndgame. The End of infinity saga.ğŸ”¥ğŸ”¥
@MarvelStudios @Marvel_India @Avengers https://t.co/AFIFepvYHg"
Aj1w3,"In Brisbane test 2021 vs AUS Washington Sundar scored total 84 runs. 
1st innings - 62 off 144
2nd innings - 22 off 29
Total 62+22=84 runs.
Rishab got Man of the match, but Sundar's inning was crucial to make a game for India
#AakashVani #RedmiNote11ProPlus5G 
@Avengers @CholaMS https://t.co/fvcsMk5bvv"
LexLight1,RT @DisneyTVANews: Sorry @Avengers but @chrisdocnee/@AnneMariePace's #Vampirina &amp; @CraigGerber_'s #SofiaTheFirst just make the most importaâ€¦
bookgirl8807,RT @DisneyTVANews: Sorry @Avengers but @chrisdocnee/@AnneMariePace's #Vampirina &amp; @CraigGerber_'s #SofiaTheFirst just make the most importaâ€¦
Im_Vengeance18,"3 years of the epic Avengers: Endgame.
11 years
20 movies
1 epic conclusion
The cheers and emotion on the first day is still fresh in my memory. #3YearsOfAvengersEndgame @Avengers @Marvel_India @MarvelStudios"
iamarwi,"Three years ago today, Tony Stark died for your sins! #AvengersEndgame 
#TonyStark #IronMan 
@Avengers @MarvelStudios @RobertDowneyJr https://t.co/TcNsZJzyLh"
sibyz,"Avengers Endgame Unseen Post Credits Scene 

@MarvelStudios @Marvel_India @Marvel @Avengers #AvengersEndgame https://t.co/s4AWXAIGbN"
realguillebrice,RT @Avengers: Marvel Studios' Thor: Love and Thunder arrives only in theaters July 8. â¤ï¸ + âš¡ï¸ https://t.co/J67uQTXar8
mascabral4,"@onjoyride @Battlefield 
@beedexfinance 
@Avengers"
BiitaT,RT @VishnuNalla04: @agalanis17 @Avengers @MarvelStudios 3rd anniversary for greatest movie of all time!ğŸ¥³ğŸ¥³ğŸ¥³ğŸ¥³ https://t.co/EhFgpyCBDP
angelrsm40,"#AvengersDay
#AvengersEndgame 
@MarvelStudios 
@Avengers 
@Kevfeige https://t.co/qFak1A7cFg"
Ashly28022239,RT @Avengers: Marvel Studios' Thor: Love and Thunder arrives only in theaters July 8. â¤ï¸ + âš¡ï¸ https://t.co/J67uQTXar8
Stephrose28,Canâ€™t believe itâ€™s been 3 years since #avengersendgame â¦@Avengersâ© â¦@RobertDowneyJrâ© â¦@ChrisEvansâ© â¦@TomHolland1996â© â¦@chrishemsworthâ© â¦@JeremyRennerâ© â¦@MarkRuffaloâ©. Thanks for an amazing movie!Gotta love snap memories ğŸ’• #avengerforever https://t.co/7VYYQ4G0vR
Deadsho02644767,"RT @sivastark2: 3years for #AvengersEndgame. The End of infinity saga.ğŸ”¥ğŸ”¥
@MarvelStudios @Marvel_India @Avengers https://t.co/AFIFepvYHg"
atlantisj04,idc how many times i watch the movie. avengers endgame will never not break my heartğŸ’” @Avengers @MarvelStudios
tythvloml,RT @Avengers: Marvel Studios' Thor: Love and Thunder arrives only in theaters July 8. â¤ï¸ + âš¡ï¸ https://t.co/J67uQTXar8
joans3627,@chris_online81 @ChrisEvans @Marvel @MarvelStudios @Avengers Best moment! Loved it! Steve was always worthy!â¤ï¸ğŸ’™ğŸ¤â¤ï¸ğŸ’™ğŸ¤
sivastark2,"3years for #AvengersEndgame. The End of infinity saga.ğŸ”¥ğŸ”¥
@MarvelStudios @Marvel_India @Avengers https://t.co/AFIFepvYHg"
raaj_teewari3,#3yearsofendgame 3 years of biggest Cinematic Experience #AvangersEndgame @MarvelStudios @Avengers
Zachneon,@aswizzlez @Avengers @MarvelStudios Not enough
SHANKAOTIE,RT @Avengers: Enter a new dimension of Strange. Watch the official trailer for Marvel Studios' #DoctorStrange in the Multiverse of Madness.â€¦
SHANKAOTIE,RT @Avengers: Marvel Studios' #DoctorStrange in the Multiverse of Madness arrives only in theaters May 6. https://t.co/IL6bC4YD9l
SHANKAOTIE,RT @Avengers: Here it is. â¤ï¸ + âš¡ï¸ https://t.co/eBaBKn62Du
SHANKAOTIE,RT @Avengers: Marvel Studios' Thor: Love and Thunder arrives only in theaters July 8. â¤ï¸ + âš¡ï¸ https://t.co/J67uQTXar8
907SadDbacksFan,RT @Avengers: Here it is. â¤ï¸ + âš¡ï¸ https://t.co/eBaBKn62Du
aram_pureenergy,RT @Avengers: Here it is. â¤ï¸ + âš¡ï¸ https://t.co/eBaBKn62Du
mamaof3mimiof4,RT @Avengers: Enter a new dimension of Strange. Watch the official trailer for Marvel Studios' #DoctorStrange in the Multiverse of Madness.â€¦
WGK_90,@camloves_MCU @Avengers @MarvelStudios @P_Pedrosa14 10 years ago yesterday. ğŸ˜³
leandrorr,ouvindo o soundtrack do @Avengers 1 porque Ã© muito bom!
IZUKU_1for,RT @Avengers: Here it is. â¤ï¸ + âš¡ï¸ https://t.co/eBaBKn62Du
jeevasinjohn,@Avengers 3years of avengers end game ğŸ˜ğŸ˜ğŸ˜ğŸ˜
TengueDanny,@peter1978 @camloves_MCU @Avengers @MarvelStudios Nah... She was also fighting ğŸ˜Š
LeyenarOverkill,day 733:daily reminder that i love the avengers (@Avengers) 3000
GiveawayFer,"RT @storyteller_nft: Happy Sunday ya'll â¤ï¸ 
Sometime between Monday and Friday @minitellers going to launch! 
Get ready to fall in love witâ€¦"
CausticCinema,It's a good thing the Wakanda accords don't exist in @Avengers end game or they all would be criminals...ğŸ˜¬ğŸ˜¬
GENTLE_JENKINS,RT @Avengers: Here it is. â¤ï¸ + âš¡ï¸ https://t.co/eBaBKn62Du
baron_rhmv,@Avengers https://t.co/iVxaOTMXn8
zainstI,@TomdayaBrasil @TomHolland1996 @Avengers vingadores ultimato ne?
leandroprieto,RT @Avengers: Here it is. â¤ï¸ + âš¡ï¸ https://t.co/eBaBKn62Du
hspideyr,@TomdayaBrasil @TomHolland1996 @Avengers 3 anos?
arfstydjwz,Elon Musk is the new Tony Stark!! Sign him @Avengers
Fatoch51,Rappelez vous ğŸ˜€ @Avengers https://t.co/8JpmbI3Kmt
Masoud13671,@storyteller_nft @minitellers @SnoopDogg @CozomoMedici @elonmusk @SpiderMan @Avengers @DCComics @MarvelStudios 0x1A6A3CD346AA2e4aD69aD323fE5A257BE47F3058
Masoud13671,"RT @storyteller_nft: Happy Sunday ya'll â¤ï¸ 
Sometime between Monday and Friday @minitellers going to launch! 
Get ready to fall in love witâ€¦"
INVESTORADESAM1,@UnnaturalsNFT @HazeMonkeyNFT @Doyex4 @beeodhun1 @FamiloyeKayode @HDNER @DONJAZZY @jpatten @UnclePamilerin @TAGHeuer @raijinbread @ejeuu @Avengers @sjcpapa @JRossTreacher @euoPires @ejeu @ueuwav @BigOsCrypt @Million_Davis @JAMPZER @TaioCruz @vince_uy @ReekadoBanks @Ssaasquatch @StepFinance @IUCNRedList
Stephni82280862,"@CartonkidsNFT @JFM
@Avengers
@Dave6971"
Ronin_Hawkeye_,"@fantastic580 @JeremyRenner @chrishemsworth @MarkRuffalo @Avengers @MarvelStudios @disneyplus @hawkeyeofficial @AMCTheatres @RobertIger @elonmusk Nah but fr Iâ€™m the one in pic 1, and Iâ€™m on the left hand side in pics 2 &amp; 3 lol"
Angela_USA_888,RT @Avengers: Here it is. â¤ï¸ + âš¡ï¸ https://t.co/eBaBKn62Du
N0mesly,"3 years ago today, i will always be glad that i witnessed this saga in my lifetime. #AvengersEndgame #MarvelStudios #Avengers @Avengers @MarvelStudios https://t.co/tieSyqOSvd"
Abber_naffy,@Georgie_84 @FunkoEurope @ForbiddenPlanet @LokiOfficial @twhiddleston @MarvelStudios @Avengers @OriginalFunko Always happy to help ğŸ™‚
fantastic580,@Ronin_Hawkeye_ @JeremyRenner @chrishemsworth @MarkRuffalo @Avengers @MarvelStudios @disneyplus @hawkeyeofficial @AMCTheatres @RobertIger @elonmusk Very helpful lmao ğŸ¤£
Ronin_Hawkeye_,@fantastic580 @JeremyRenner @chrishemsworth @MarkRuffalo @Avengers @MarvelStudios @disneyplus @hawkeyeofficial @AMCTheatres @RobertIger @elonmusk The one in the Avengers hoodie obviouslyâ€¦ğŸ˜
fantastic580,@Ronin_Hawkeye_ @JeremyRenner @chrishemsworth @MarkRuffalo @Avengers @MarvelStudios @disneyplus @hawkeyeofficial @AMCTheatres @RobertIger @elonmusk So which ones you? ğŸ’€
Ronin_Hawkeye_,@fantastic580 @JeremyRenner @chrishemsworth @MarkRuffalo @Avengers @MarvelStudios @disneyplus @hawkeyeofficial @AMCTheatres @RobertIger @elonmusk Yeah. Identical twin lmaoğŸ’€
fantastic580,@Ronin_Hawkeye_ @JeremyRenner @chrishemsworth @MarkRuffalo @Avengers @MarvelStudios @disneyplus @hawkeyeofficial @AMCTheatres @RobertIger @elonmusk Is one of those guys with you your brother? You guys look so much alike
JanW69885548,@Avengers https://t.co/gD0vzr7WNU
jkmarinc,"Es y seguira siendo uno de los momento mÃ¡s Ã©picos del #cine le guste a quien le guste y critique quien critique, @MarvelStudios @Avengers NAIL IT!! https://t.co/FMIkJRhEWp"
serginho_ram,RT @Avengers: Here it is. â¤ï¸ + âš¡ï¸ https://t.co/eBaBKn62Du
sigma_ziza,@MovieCrazyP @Avengers @MarvelStudios Avatar???
deewakarvashis1,"Avengers are ready ğŸ˜‚ğŸ¤£ 
@rishid100 @Avengers #IPL20222 #pbksvscsk #PBKS #CSKğ“ƒ¬ https://t.co/lIvsYw45uE"
ProSlackersPod,RT @ProSlackerSean: The avengers should have used the stones to right this wrong. It still hurts sometimes @Yankees @Dbacks @Avengers httpsâ€¦
TiagoPe71147045,"Renata. 'CanÃ§Ã£o do mar'. The Voice Kids Russia 2019.
https://t.co/sqVoQ904x5
#canÃ§Ã£odomar #VoiceKids @m_g_n3 @m_g_n3  @not__vee  @Jeffers78017291  @NoticiasViriato  @IgrejasFernando  @IamSean90  @PSaserPS  @PSalazarista  @Avengers  @AndreCVentura  @JoaoAnd55996605  @guibrito67"
TridentCoins,@storyteller_nft @minitellers @SnoopDogg @CozomoMedici @elonmusk @SpiderMan @Avengers @DCComics @MarvelStudios ğŸ‘
TridentCoins,"RT @storyteller_nft: Happy Sunday ya'll â¤ï¸ 
Sometime between Monday and Friday @minitellers going to launch! 
Get ready to fall in love witâ€¦"
mperkins37,@storyteller_nft @minitellers @SnoopDogg @CozomoMedici @elonmusk @SpiderMan @Avengers @DCComics @MarvelStudios 0x14D159b2e25F2D0dF17e297F7bfEc7E3Cc3E3AE6 NFT  DONE #NFT
mperkins37,"RT @storyteller_nft: Happy Sunday ya'll â¤ï¸ 
Sometime between Monday and Friday @minitellers going to launch! 
Get ready to fall in love witâ€¦"
GoSoundtracks,Saying that the @Avengers/@JusticeLeaguewb are causing collateral damage is like saying that firefighters are causing fires. Both are literally trying to prevent it and the situation would be much worse without them there. https://t.co/mUmJzJGaDz
treeesureshyt,RT @Avengers: Here it is. â¤ï¸ + âš¡ï¸ https://t.co/eBaBKn62Du
RobertBarrows3,"@Avengers ATTN:#Publishers #Producers &amp; #Agents:
FOR #SUPERHERO DAY (4/28):
HURRY! DONâ€™T MISS OUT ON THE NEXT BIG THING IN #SUPERHEROES!
Call me about a Great New Super Hero who could help make the world a much safer place for us all. Call R.M. Barrows Advertising 650-344-4405"
techgeartalk,@AlexGTech1 @MarvelStudios @Avengers I was like: why does that look familiarğŸ¤”
Marco_p3,"#NowWatching @Avengers #InfinityWar
@RobertDowneyJr @chrishemsworth @MarkRuffalo @ChrisEvans @DonCheadle @TomHolland1996 @chadwickboseman @Paul_Bettany @AnthonyMackie @DanaiGurira @idriselba @PomKlementieff @karengillan @DaveBautista @zoesaldana @GwynethPaltrow @prattprattpratt https://t.co/nEDJy3viuk"
ScarlettPattin2,@WatfordFC @Avengers #Nuggets are you a football lover contact me I will share something for you. Whatsapp or Telegram  +852 65486085
LifeguardDJ,@AlexGTech1 @techgeartalk @MarvelStudios @Avengers ğŸ˜±ğŸ¤¯ğŸ˜²
AlexGTech1,@techgeartalk @MarvelStudios @Avengers Thatâ€™s so cool!!
Ajayrat27129051,"RT @Avengers: Jump directly into the thrilling missions of Earthâ€™s Mightiest Heroes in 'All-Out Avengers', a new ongoing #MarvelComics seriâ€¦"
Ajayrat27129051,RT @Avengers: Here it is. â¤ï¸ + âš¡ï¸ https://t.co/eBaBKn62Du
Ajayrat27129051,RT @Avengers: Marvel Studios' Thor: Love and Thunder arrives only in theaters July 8. â¤ï¸ + âš¡ï¸ https://t.co/J67uQTXar8
PeNgMaYy,RT @Avengers: Marvel Studios' Thor: Love and Thunder arrives only in theaters July 8. â¤ï¸ + âš¡ï¸ https://t.co/J67uQTXar8
INVESTORADESAM1,"@mr_john02 @degenislands @Doyex4 @beeodhun1 @FamiloyeKayode @HDNER @DONJAZZY @jpatten @UnclePamilerin @TAGHeuer @raijinbread @ejeuu @Avengers @sjcpapa @JRossTreacher @euoPires @ejeu @ueuwav @BigOsCrypt @Million_Davis @JAMPZER @TaioCruz @vince_uy @ReekadoBanks 
DISCORD : investor adesam | GMC#3923"
ProSlackerSean,The avengers should have used the stones to right this wrong. It still hurts sometimes @Yankees @Dbacks @Avengers https://t.co/qDB6V6g191
al_turker52,"RT @storyteller_nft: Happy Sunday ya'll â¤ï¸ 
Sometime between Monday and Friday @minitellers going to launch! 
Get ready to fall in love witâ€¦"
VillaGonza3,"@GeekZoneGZ ""Avengers assemble"". That's my favorite moment of the movie. A nice one. @Avengers"
namuhae_,"RT @NASA: Hey @Marvel, we heard about Tony Stark. As we know, the first thing you should do is listen in mission control for â€œ@Avengers, weâ€¦"
YetzerGamer,@msmarvel @Avengers @disneyplus First time on Twitter can I get a hi
mosskwn,"RT @storyteller_nft: Happy Sunday ya'll â¤ï¸ 
Sometime between Monday and Friday @minitellers going to launch! 
Get ready to fall in love witâ€¦"
