title,description,videoId,viewCount,likeCount,dislikeCount,commentCount,favoriteCount
Black Friday 2024 Laptop Buying Guide,"Black Friday Deals: https://www.justjosh.tech/black-friday-laptop-deals Light Users: Home, Office, or School MacBooks ...",-9C-sQTzaA8,43047,1796,0,303,0
What Laptop to Get In 2024,Join my Discord server: https://discord.gg/gohar I'll edit your college essay: https://nextadmit.com/services/essay/ Get into ...,M9tGnGr3-JA,12354669,552627,0,3969,0
How to Buy a Laptop - Ultimate Guide (2024),"Thanks to Lexar for sponsoring this video! This entire video was shot on an iPhone 15 Pro, recording directly to their Armor 700 ...",vddu2jmfVbI,1390901,49146,0,2587,0
Using A Laptop With A FAILING Hard Drive!,"Laptop hard drives don't last forever. What happens when Windows detects that a hard disk is going to fail? Well, I've got an old ...",XBYBd22ODTM,39006,2957,0,248,0
The Inconvenient Truth About New Laptops,"Thoughts on New 2024 Laptops The Best Cheap Laptop - https://amzn.to/4hp83SX If you'd like to support the channel, consider a ...",N1VC2SiUaz0,899844,28130,0,1960,0
Windows laptops are finally good again!,Get 10% off Bellroy products with my sponsored link: https://bit.ly/3XIPFwq ...,NnGrcScb49Q,174360,7125,0,1035,0
What&#39;s going on with Windows Laptops?,Windows ARM laptops are finally having a moment and I'm loving it. See inside your smartphone or laptop with dbrand at ...,vJEbP2Vdq2U,4090522,116793,0,4621,0
"Black Friday Early Deals: The Good, The Bad, and The Ugly!",Our Website: https://www.justjosh.tech/recommendations Black Friday Deals: ...,Y7aoaME7IKw,8286,313,0,84,0
LENOVO LOQ  best gaming laptop,,ZkD7ssv3MwE,430,13,0,0,0
HOW is This Walmart Gaming Laptop only $499??,Sell your old gaming laptop on Jawa! - https://jawa.link/TBNov24 This gaming laptop is such a good deal! For only $500 and it ...,IZue8s98xnw,31053,1563,0,230,0
AWESOME Intel Laptops... Finally!,"Before the review, an early look at the new Lunar Lake Laptops. Asus Zenbook S14 - Intel Core Ultra 9 288V If you'd like to ...",JnJw54oyfLE,843042,20222,0,1325,0
M4 Max MacBook Pro: I&#39;m Convinced!,M4 generation has created a gap from M1. This laptop is great. Get a dbrand skin for your MacBook Pro at ...,9HQx5pgUoiY,2163215,76549,0,5390,0
Are &quot;School&quot; Laptops a SCAM?,Subscribe for more! https://www.youtube.com/austinevans TikTok: https://www.tiktok.com/@austintechtips Instagram: ...,X7gq-ncHxZ8,518068,15555,0,1213,0
12 Tips for Buying a Laptop - You NEED to Know! (2024),Laptop Buying Guide for Beginners! These 12 Tips will make it easier to buy your next Laptop in 2024! [Recommended Laptops ...,oV0j41Qugm0,187034,3593,0,245,0
Watch this BEFORE You Buy a Laptop!,"Hello, I am The Mysterious Tech. In this video, I have discussed the important factors to consider when buying a laptop.",H71IxqmCfxQ,4450831,218521,0,6657,0
15 Laptop BUYING MISTAKES! 2024 Laptop Buying Guide,Laptop buying guide 2024. Do you have questions about how to buy a laptop? Looking for laptop buying tips? Did you know that ...,bMDSikB6ooE,2798204,50837,0,1697,0
World&#39;s Cheapest vs Most Expensive Laptop!,I tested the Cheapest $70 Laptop vs the Most Expensive $7000 Laptop! Get PayPal Honey for FREE today ...,SJNbnVjecf0,11882742,258534,0,8475,0
Mac vs Windows - Who Wins in 2024?,"Battle of the PC's - Mac or Windows, which is better? Get 20% off Guardio here: https://guard.io/boss Here are the laptops we ...",r7COWvxlN5g,8180948,201433,0,16775,0
How to Buy a Laptop,Check out the Drop + Infinity War Custom Keycap Set at https://dro.ps/ltt-infinity-war Learn more about MSI's CLUTCH GM41 ...,3sYNn9RlyOw,3932841,129237,0,5176,0
How ThinkPads Became The Internet&#39;s Favorite Laptop,"If you've ever spent any time on the internet, there's a good chance you've heard of how amazing Lenovo ThinkPad laptops are.",ZQX4FLrm9ac,1361950,53135,0,3608,0
Unboxing my first laptop! #macbook #apple #laptop,,j4h3lAYBM_U,5256382,194030,0,740,0
TOP 5: Best Budget Laptop 2024,Acer Aspire 5 - Best Overall Budget Laptop US Prices - https://amzn.to/48DV0Yq UK Prices - https://amzn.to/3H0ZDjR CA ...,pg2UhoHi9DI,286340,2507,0,162,0
The Best Laptops of 2024: We Tested $100K Worth!,"After testing 100s of laptops, it's obvious which are worth buying Budget Shoppers - HP Pavilion Plus 14: https://geni.us/4ExvV ...",Q0ZVhTvQ3WM,401621,7345,0,607,0
This Laptop is ALL Screen!! (Lenovo Yoga Book 9i),My Links in one place: https://beacons.ai/danielsinfilms Amazon Store Front Lists of Featured Items on this channel: ...,VBgjK2mG9JA,9530365,358680,0,4202,0
Latitude 5000 Business Laptop,Work faster than ever with the built-in AI of Dell Optimizer on the first laptops to use bioplastics from trees in its design.,c4_dYrxe1JA,149155,515,0,28,0
Here&#39;s What Gaming Laptop I&#39;d Buy at Every Price Range,Save money on your next gaming laptop with our daily deals: https://gaminglaptop.deals Check laptop prices Acer Helios 16: ...,mt99vFUtnfA,190950,6491,0,870,0
What Your Laptop Says About You,"So... the M4 Macbook got released while I was making this video... If you already have an M4 Macbook, you need to get your ...",StQkop9YI0o,141587,6028,0,1042,0
TOP 5: Best Laptops 2024,HP Spectre x360 14 - Best 2-in-1 Laptop US Prices - https://amzn.to/3J8bBds UK Prices - https://amzn.to/3wliuAK CA Prices ...,5B2Wjul3RBY,635211,5389,0,194,0
They're Making me Pick a New Laptop - Qualcomm Snapdragon X Daily Driver Challenge Pt. 1,Sign up and upgrade to Grammarly Premium to level up your productivity: https://www.grammarly.com/LTT08. Checkout the G.Skill ...,0X4BgvvTSug,1204285,39755,0,1937,0
Introducing the HP Pavilion 15 (2023) Intel 13th Gen laptop #hp #hppavilion #intel13thgen,Introducing the HP Pavilion 15 (2023) EG3026TU laptop!  Watch Detailed Review : HP Pavilion 15 Intel Core i5 13th Gen ...,gTBpxYpukdc,4809235,144351,0,979,0
This Laptop Has Crazy Features!,"This is the Lenovo Yoga 7i, which is a 2 in 1 convertible laptop with some really cool features, be it the OLED display, the all ...",oaU9ArZ8piQ,2136435,99050,0,584,0
Lenovos BEST Looking Gaming Laptop! // Lenovo Legion 7i (Slim) #lenovo #laptop,,GOem-REWI3c,2201934,108726,0,801,0
Best Laptop for Students: 2024 Edition,Our Favorite Laptops for Students: https://www.justjosh.tech/recommendations/Best-Laptops-for-Students Recommended ...,6ssBq4GM_h0,559002,7780,0,723,0
Should You Buy a Laptop in 2024?,Buy a laptop right now in 2024 or should you wait a little bit longer for more laptops to come out later this year! Hopefully this video ...,Nef77xPairM,91687,2248,0,317,0
12 Tips for Buying a Laptop RIGHT NOW! [2023/24],"Laptop Buying Guide for Beginners! These 12 Tips will help make it easier to buy your next Laptop for work, home & gaming ...",uooViOyGCwU,353239,6901,0,230,0
This Windows Laptop Destroys The Mac!,"In this video, we're comparing one of the first laptops that launched with Snapdragon X-Elite ARM based processor against the ...",hOTEWwZTWzo,244988,4401,0,335,0
Best Laptop for Programming: 2024 Ultimate Guide,Recommended Programming Laptops: https://www.justjosh.tech/recommendations/Best-Laptops-for-Coding We keep track of ...,STAx2JgHhrM,273293,5118,0,580,0
Can a Nvidia Laptop BEAT Apple? RTX 4090 Vs M4 Max MacBook Pro,"In the world of tech, Two Giants are about to CLASH in a battle of PERFORMANCE and POWER! Nvidia RTX 4090 Vs M4 Max ...",bgyzU_1HDTk,80157,6674,0,1032,0
"Best Budget Laptop @ Rs25,000 ",SUBSCRIBE to our channel for more such videos! SUBSCRIBE to our main YouTube channel: ...,WcugX4Bmf44,2400899,110234,0,532,0
"Finally, We Found a $300 Laptop That Doesn't Suck",FreeBook 13: https://amzn.to/3AqjiKn MiniBook X 10.5: https://amzn.to/40Gb8Z1 Our Laptop Shopping Website: ...,G2AYgQSdeSQ,43662,2346,0,246,0
Dad gives Apple laptop a wicked makeover! ,Spray paint Artis Justin Flom customizes an Apple laptop with layered stencils to create a stunning Snow White and Evil Witch ...,AWhBsnlIzMI,222552388,7858850,0,18880,0
Best Laptops of 2024! // Q2,Best Laptops I've reviewed in 2024 So Far! This is for Q2 2024 over the last 4 months. I'll make sure to update you with more ...,8pDcZYYrmF8,148793,2187,0,250,0
Meet the new Surface Laptop Studio 2,"Surface Laptop Studio 2 is our most powerful Surface ever built, designed for performance, versatility, and creativity. With the ...",y7KxKws5Voc,903209,17022,0,1126,0
The Mercedes-Benz Laptop...(SOUND ON),Check out The New Stealth 18 Mercedes-AMG Motorsport A1V ...,OIpzGPH0ubM,3538711,167119,0,1722,0
Hp Pavilion 14 Ek0137Tu x360 2 in 1 Touch Laptop Quick Unboxing #shorts,Hp Pavilion 14 Ek0137Tu x360 2 in 1 Touch Laptop #shorts #youtube #youtubeshorts #hp #hplaptopreview.,abOR0w5DtLs,3309743,95160,0,528,0
"If you can only get one computer, get this one. - ASUS ROG G14 (2024)","Make ordering cool products from Japan easy! Sign Up for free with code ""SHORTCIRCUIT"" to get 1000 ZenPoints ...",Tma8lXlJ1Rk,887384,21725,0,1681,0
The Laptop with The LONGEST Battery,An early look at the Lenovo Yoga 7i AURA Edition with new Intel chips. The longest battery life yet in a laptop. If you'd like to ...,STpFf-cdCSM,496444,16167,0,1681,0
Top 5 Laptops Under 30000 in 2024 That Will BLOW Your MindBest Laptops Under 30000 in 2024,best laptop under 30000 is discussed and reviewed in this video. Best Laptop For Coding and for students under 30000 are ...,RmQuoLrYTrA,138369,2774,0,169,0
The Best 14&quot; Gaming Laptops Right Now,"Compact 14"" Gaming Laptops represent a small portion of the market but having an ultra portable laptop that can play PC games ...",SI9W2qfD8Cs,127229,2898,0,278,0
Meet the new Microsoft Surface Laptop,"The new Surface Laptop, 7th Edition, is not just faster--it's smarter. Get the most out of your day with accelerated performance that ...",4Z5VbcLnhBQ,350496,5235,0,576,0
